{
  "accuracy": 0.9979950991312097,
  "precision": 0.9979961137877791,
  "recall": 0.9979950991312097,
  "f1_score": 0.9979951598467727
}