{
  "accuracy": 0.995130729332063,
  "f1_score": 0.9951313972092887
}