{
  "accuracy": 0.9975495656048118,
  "precision": 0.9975513496957109,
  "recall": 0.9975495656048118,
  "f1_score": 0.9975496640593011
}