{
  "accuracy": 0.9982178658944085,
  "precision": 0.9982183353034366,
  "recall": 0.9982178658944085,
  "f1_score": 0.9982179020519728
}