{
  "accuracy": 0.9979950991312097,
  "precision": 0.9979955774906459,
  "recall": 0.9979950991312097,
  "f1_score": 0.9979951398084692
}