{
  "accuracy": 0.9984121943474119,
  "precision": 0.9984124919957494,
  "recall": 0.9984121943474119,
  "f1_score": 0.9984122416182075
}